ISBN,Author,Title,publYear,writYear,
159,Pavelkevych,My book,2015-07-12,2016-10-10,History,
357,Pavelk,My book2,2013-05-01,2016-08-12,Horror,
159,Pavelkevych,My book,2015-07-12,2016-10-10,History,
357,Pavelk,My book2,2013-05-01,2016-08-12,Horror,
159,Pavelkevych,My book,2015-07-12,2016-10-10,History,
159,Pavelkevych,My book,2015-07-12,2016-10-10,History,
159,Pavelkevych,My book,2015-07-12,2016-10-10,History,
357,Pavelk,My book2,2013-05-01,2016-08-12,Horror,
159,Pavelkevych,My book,2015-07-12,2016-10-10,History,
159,Pavelkevych,My book,2015-07-12,2016-10-10,History,
159,Pavelkevych,My book,2015-07-12,2016-10-10,History,